genre,avg_genre_rating
Thriller,3.317073170731707
Action,3.050632911392405
Drama,3.0186915887850465
Sci-Fi,2.9508196721311477
Comedy,2.6847826086956523
