genre,avg_genre_rating
Comedy,2.6847826086956523
Sci-Fi,2.9508196721311477
